Province_State,Province_State,6/1/20,6/2/20,6/3/20,6/4/20,6/5/20,6/6/20,6/7/20,6/8/20,6/9/20,6/10/20,6/11/20,6/12/20,6/13/20,6/14/20,6/15/20,6/16/20,6/17/20,6/18/20,6/19/20,6/20/20,6/21/20,6/22/20,6/23/20,6/24/20,6/25/20,6/26/20,6/27/20,6/28/20,6/29/20,6/30/20,7/1/20,7/2/20,7/3/20,7/4/20,7/5/20,7/6/20,7/7/20,7/8/20,7/9/20,7/10/20,7/11/20,7/12/20,7/13/20,7/14/20,7/15/20,7/16/20,7/17/20,7/18/20,7/19/20,7/20/20,7/21/20,7/22/20,7/23/20,7/24/20,7/25/20,7/26/20,7/27/20,7/28/20,7/29/20,7/30/20,7/31/20,8/1/20,8/2/20,8/3/20,8/4/20,8/5/20,8/6/20,8/7/20,8/8/20,8/9/20,8/10/20,8/11/20,8/12/20,8/13/20,8/14/20,8/15/20,8/16/20,8/17/20,8/18/20,8/19/20,8/20/20,8/21/20,8/22/20,8/23/20,8/24/20,8/25/20,8/26/20,8/27/20,8/28/20,8/29/20,8/30/20,8/31/20,9/1/20,9/2/20,9/3/20,9/4/20,9/5/20,9/6/20,9/7/20,9/8/20,9/9/20,9/10/20,9/11/20,9/12/20,9/13/20,9/14/20,9/15/20,9/16/20,9/17/20,9/18/20,9/19/20,9/20/20,9/21/20,9/22/20,9/23/20,9/24/20,9/25/20,9/26/20,9/27/20,9/28/20,9/29/20,9/30/20,10/1/20,10/2/20,10/3/20,10/4/20,10/5/20,10/6/20,10/7/20,10/8/20,10/9/20,10/10/20,10/11/20,10/12/20,10/13/20,10/14/20,10/15/20,10/16/20,10/17/20,10/18/20,10/19/20,10/20/20,10/21/20,10/22/20,10/23/20,10/24/20,10/25/20,10/26/20,10/27/20,10/28/20,10/29/20,10/30/20,10/31/20,11/1/20,11/2/20,11/3/20,11/4/20,11/5/20,11/6/20,11/7/20,11/8/20,11/9/20,11/10/20,11/11/20,11/12/20,11/13/20,11/14/20,11/15/20,11/16/20,11/17/20,11/18/20,11/19/20,11/20/20,11/21/20,11/22/20,11/23/20,11/24/20,11/25/20,11/26/20,11/27/20,11/28/20,11/29/20,11/30/20,12/1/20,12/2/20,12/3/20,12/4/20,12/5/20,12/6/20,12/7/20
Alabama,Alabama,157,149,131,124,135,140,141,152,149,161,164,159,155,143,128,132,137,157,146,149,147,123,135,147,141,138,146,146,155,165,182,175,184,169,168,166,169,167,172,197,195,202,195,214,239,245,259,279,280,284,270,306,329,334,342,352,367,327,327,335,315,317,340,342,363,331,317,297,299,295,306,356,344,325,313,293,271,292,270,249,260,261,256,245,227,190,163,186,214,256,264,257,264,273,259,270,264,263,252,240,240,225,226,198,189,173,187,175,168,162,162,161,163,180,203,205,158,151,150,146,130,148,147,122,121,121,120,123,113,131,162,163,163,164,148,166,208,236,230,230,230,225,227,206,206,202,202,201,227,205,158,146,179,185,184,182,178,183,190,216,218,218,228,290,299,299,279,275,276,314,341,393,402,375,373,375,352,331,359,341,326,329,329,337,364,357,380,420,432,433
Alaska,Alaska,0,0,0,0,0,0,0,0,1,1,1,2,2,2,2,2,2,2,2,2,2,2,1,1,1,2,2,2,2,2,2,2,3,4,4,4,5,5,5,3,3,3,3,3,3,3,2,2,2,2,1,2,2,2,3,3,4,5,5,6,6,6,6,7,7,6,6,6,6,6,5,4,5,4,4,4,4,3,4,4,4,5,5,6,6,10,10,10,10,9,9,9,10,10,11,10,11,10,10,6,5,5,6,7,7,7,5,5,4,5,3,3,3,3,3,4,9,8,12,12,12,12,13,12,13,13,13,13,14,14,8,8,4,4,4,8,8,9,9,9,9,9,9,8,8,8,8,8,10,7,12,15,15,16,17,17,16,16,16,16,16,16,22,25,19,16,16,15,14,16,16,17,17,18,19,19,24,20,23,22,23,23,23,22,22,29,41,41,40,43
Arizona,Arizona,231,238,236,235,240,242,250,246,266,267,275,270,285,284,285,285,266,284,306,303,298,298,320,366,360,380,391,403,395,417,476,481,477,471,476,478,531,496,543,546,571,643,648,692,709,728,785,913,936,955,991,1011,1025,1061,1135,1068,1058,1071,1020,1134,1111,1017,1004,995,927,958,939,938,851,845,850,791,893,757,729,745,741,727,684,702,682,607,619,621,617,593,549,546,555,515,524,523,515,431,446,483,451,450,448,429,355,344,310,308,292,293,300,306,279,280,260,256,259,277,274,286,299,307,301,302,288,279,265,242,238,229,229,215,208,184,159,137,136,135,135,122,115,113,119,121,123,124,121,116,119,110,115,116,124,133,129,128,155,152,152,183,205,228,244,278,290,289,301,323,322,323,321,323,320,292,306,297,318,310,300,300,323,296,328,331,324,332,337,375,374,437,458,468,486,486
Arkansas,Arkansas,33,34,35,41,39,39,38,38,42,45,46,44,44,46,49,52,55,57,62,70,71,72,76,75,69,73,82,85,83,82,80,71,67,62,62,65,64,65,69,64,60,57,58,61,58,62,72,71,70,71,73,75,77,81,80,80,85,97,99,101,100,101,107,112,116,128,129,127,136,143,147,138,138,140,134,142,135,128,129,123,126,142,139,143,141,145,160,157,169,172,185,194,195,210,220,210,208,207,212,206,196,201,197,197,197,195,336,316,305,300,299,287,289,292,301,306,313,316,327,337,200,212,218,218,226,244,250,260,253,257,264,267,261,257,261,265,261,274,277,279,267,259,269,269,252,245,243,247,246,241,249,235,241,254,271,275,275,265,274,271,273,275,255,251,250,248,234,225,240,242,249,260,265,269,272,279,293,299,292,288,290,287,277,267,247,258,265,283,303,326
California,California,938,902,877,861,864,870,879,889,927,960,941,901,932,927,897,895,897,911,897,887,883,909,881,871,872,890,823,833,869,882,898,910,889,840,858,875,947,993,1053,1087,1128,1119,1106,1168,1206,1224,1288,1368,1342,1329,1315,1329,1342,1382,1381,1397,1405,1429,1533,1537,1611,1643,1681,1671,1796,1761,1820,1796,1899,1929,1982,1844,1845,1844,1934,1873,1847,1855,1820,1882,1789,1813,1824,1776,1759,1859,1779,1807,1657,1676,1694,1726,1646,1627,1683,1692,1578,1578,1523,1441,1451,1400,1425,1433,1441,1417,1444,1374,1311,1255,1309,1285,1298,1366,1308,1316,1286,1256,1228,1194,1188,1194,1169,1161,1097,1131,1115,1055,1047,1025,970,984,973,953,862,844,859,856,841,832,811,811,829,838,819,776,779,800,816,800,727,708,703,692,707,690,641,604,626,618,615,635,606,579,576,587,594,591,599,602,645,682,709,711,753,732,796,860,890,884,863,889,885,957,957,1011,1094,1198,1202,1262
Colorado,Colorado,234,217,195,202,200,200,195,210,201,180,161,146,154,153,147,143,137,126,119,120,120,108,112,95,87,91,77,78,76,73,66,63,58,54,54,40,31,37,37,51,51,49,46,48,47,44,50,51,51,67,67,67,80,66,69,69,72,69,78,77,87,92,92,86,86,80,66,67,63,64,63,67,53,60,50,52,52,52,50,49,51,53,61,60,57,52,52,49,49,46,46,49,47,52,52,45,53,54,54,47,50,48,48,46,46,45,50,50,51,54,42,42,45,52,53,54,49,52,53,54,50,49,48,48,47,54,51,56,55,62,69,72,72,72,107,109,108,115,116,108,111,101,109,103,108,106,110,110,83,89,106,106,109,112,112,129,139,155,165,171,171,182,191,194,200,226,240,258,286,297,318,377,369,398,412,402,433,463,489,473,458,457,459,501,542,590,593,570,550,548
Connecticut,Connecticut,520,500,460,424,401,380,378,342,328,317,320,291,274,257,234,238,230,219,200,196,189,179,180,167,152,148,125,115,116,112,105,100,97,84,75,75,61,56,50,41,37,32,51,50,56,63,61,61,61,68,68,63,62,65,65,65,47,51,45,42,36,36,36,31,31,31,27,28,28,28,26,21,25,19,21,21,21,19,19,20,21,19,19,19,16,19,13,15,12,12,12,9,10,10,10,8,8,8,8,11,11,13,15,15,15,20,19,20,20,24,24,24,27,22,23,21,21,21,21,18,20,21,23,21,21,21,22,25,25,28,29,29,29,29,28,29,29,29,29,29,37,38,45,42,47,47,47,57,62,67,69,74,74,74,73,76,78,87,94,94,94,109,112,112,117,121,121,121,132,136,139,149,157,157,157,173,174,210,200,224,224,224,261,269,307,306,318,318,318,353
Delaware,Delaware,71,69,65,69,66,68,72,66,75,69,69,58,58,56,55,51,51,45,45,44,37,37,94,92,93,93,88,85,84,85,83,79,79,78,77,77,10,10,10,10,10,10,10,9,12,11,9,11,11,11,11,12,12,61,62,62,62,62,60,60,64,62,62,62,62,60,58,10,11,12,12,11,11,12,8,8,8,8,6,8,8,12,10,9,13,12,12,11,11,11,11,12,12,11,11,6,8,9,5,6,5,9,9,9,11,12,13,13,13,14,13,12,18,19,20,17,18,20,18,17,17,17,17,22,24,24,18,18,20,21,20,20,21,22,24,24,25,20,19,20,21,22,21,19,27,27,27,29,27,28,28,42,44,45,44,44,42,46,38,36,37,34,36,36,43,30,28,26,26,27,30,26,30,30,30,33,35,36,29,29,27,34,36,38,37,37,36,36,45,41
District of Columbia,District of Columbia,76,70,66,63,61,56,57,51,55,54,49,46,49,49,47,50,50,52,51,48,44,44,42,42,41,40,37,35,36,31,30,27,25,26,26,26,24,23,25,22,20,18,17,17,18,20,22,21,19,18,19,16,13,13,13,13,14,15,13,10,8,7,8,7,7,7,6,8,9,10,9,10,9,10,9,12,11,11,12,13,14,13,14,13,13,11,12,11,11,8,9,10,8,8,8,9,7,7,7,7,10,11,11,11,10,9,9,9,10,8,8,9,10,10,6,5,7,8,8,8,10,10,9,10,10,11,10,10,10,13,11,12,13,13,11,11,10,12,12,10,10,11,11,8,8,6,5,5,7,6,7,5,5,5,6,5,5,8,10,12,12,13,13,13,12,11,12,14,13,13,18,17,17,16,16,17,16,20,20,20,20,20,20,25,25,25,24,25,27,29
Florida,Florida,463,478,470,463,470,455,463,460,506,482,484,464,478,480,478,463,452,454,444,456,461,461,473,480,479,489,465,488,509,512,532,556,580,558,570,605,603,608,682,736,807,823,830,904,971,1060,1121,1193,1251,1294,1365,1456,1509,1551,1580,1612,1654,1708,1812,1909,2038,2127,2102,2085,2196,2282,2229,2274,2332,2332,2346,2436,2432,2327,2298,2323,2368,2382,2356,2305,2302,2241,2165,2139,2120,2027,1968,1955,1816,1760,1667,1648,1616,1569,1601,1582,1537,1524,1474,1335,1377,1458,1545,1495,1489,1455,1413,1438,1436,1475,1476,1447,1446,1501,1508,1469,1413,1422,1424,1395,1356,1378,1358,1329,1341,1375,1395,1351,1286,1273,1271,1164,1332,1375,1388,1278,1292,1276,1289,1296,1309,1338,1306,1199,1154,1231,1065,1037,974,976,912,890,844,822,813,785,712,694,674,683,692,730,743,729,724,725,728,729,725,754,809,849,875,830,870,906,909,954,882,918,953,982,1038,1035,1045,1064,1105,1154,1186,1197
Georgia,Georgia,445,427,426,374,366,356,353,360,389,396,402,431,443,398,400,427,452,456,462,464,463,440,410,369,370,352,329,327,290,276,252,244,221,215,217,230,204,224,185,195,220,225,242,249,264,256,275,312,314,299,355,413,431,478,498,495,483,509,551,566,620,656,666,665,667,649,665,674,692,701,720,788,814,867,821,844,862,885,873,865,878,881,906,933,927,911,855,855,898,907,902,906,939,946,964,933,885,905,888,808,817,811,775,711,729,720,664,624,606,605,622,565,560,603,641,612,628,627,613,608,597,602,589,570,534,560,588,556,490,478,474,479,470,468,460,449,429,450,474,476,465,445,445,435,418,415,393,398,390,406,431,399,372,343,342,805,818,849,842,839,839,850,886,930,958,950,977,976,968,529,543,524,534,532,550,538,491,491,455,475,468,485,485,507,502,546,583,614,608,636
Hawaii,Hawaii,0,0,0,0,0,0,0,0,0,0,0,0,0,0,0,0,0,0,0,0,0,0,0,0,0,0,1,1,1,1,1,1,2,2,2,2,2,2,2,2,1,1,4,4,4,4,4,5,5,5,5,6,7,7,7,7,4,4,4,4,3,2,2,2,3,2,3,5,5,5,8,8,12,14,14,14,14,14,14,15,16,15,16,16,15,15,13,15,19,22,23,30,33,33,34,35,37,38,37,39,40,39,37,35,36,29,26,28,28,39,36,35,34,32,31,30,31,34,33,33,34,33,32,22,33,36,37,40,41,40,39,37,37,37,39,47,45,43,33,31,30,29,40,42,43,44,43,43,42,30,31,31,33,32,32,30,16,13,10,8,9,9,7,9,7,6,3,3,3,3,4,4,5,11,12,12,11,13,15,18,18,22,22,22,21,23,32,30,29,29
Idaho,Idaho,8,9,6,6,4,4,4,4,6,4,3,5,5,5,5,5,5,6,6,6,6,6,4,4,5,3,4,4,4,4,4,3,4,4,4,5,5,9,10,11,11,11,11,11,18,22,25,26,26,28,32,37,38,43,44,44,50,57,63,63,70,78,78,78,84,82,85,85,89,91,87,86,73,74,77,72,72,73,72,72,73,76,71,70,75,80,91,92,88,89,90,88,85,83,76,77,78,78,71,63,70,64,59,57,56,58,56,57,62,56,57,58,62,62,47,50,46,45,45,41,41,40,38,36,39,39,40,41,46,46,48,47,47,50,48,47,45,49,49,46,44,43,46,50,56,65,66,70,73,83,98,103,100,102,101,112,118,118,117,111,113,118,129,134,134,126,130,129,131,151,148,164,166,164,163,168,160,162,146,157,154,161,166,162,179,179,187,185,186,189
Illinois,Illinois,1178,1146,1096,1129,1080,1074,1048,1039,1095,1012,999,990,959,918,914,873,864,801,785,761,743,747,689,675,625,587,584,580,576,525,466,450,425,389,373,355,566,539,519,498,496,500,492,496,476,465,460,469,468,468,244,231,231,232,220,202,214,219,227,218,227,217,226,229,225,230,231,245,251,255,238,228,227,235,240,237,241,244,252,247,253,244,243,244,251,260,282,281,274,280,273,268,279,283,280,296,302,301,301,279,270,275,299,310,313,311,291,299,300,285,287,296,295,317,311,313,302,305,304,312,317,317,316,345,351,354,361,363,383,385,384,389,385,385,392,404,433,433,429,434,442,452,478,488,497,530,545,549,565,569,572,569,588,601,597,624,611,666,709,737,763,771,807,909,901,897,1048,1087,1111,1156,1252,1335,1398,1463,1512,1548,1616,1641,1748,1794,1750,1720,1781,1814,1929,1976,1987,2065,2066,2103
Indiana,Indiana,378,373,343,318,317,328,327,332,335,325,312,286,288,288,290,250,268,260,258,244,237,237,230,223,206,199,203,197,191,193,175,171,165,151,153,145,148,154,153,153,140,141,138,135,135,133,122,133,129,127,129,131,141,136,139,143,144,149,147,151,162,151,153,155,150,144,133,139,141,138,138,145,154,159,148,157,158,155,169,173,178,185,182,179,181,172,173,161,164,157,158,161,147,145,141,142,144,144,143,139,138,144,143,152,147,143,148,147,146,145,141,142,144,140,133,138,146,140,142,152,152,160,167,161,166,168,169,191,197,194,195,205,209,204,210,204,219,231,249,263,279,297,296,323,331,336,341,348,372,391,396,399,414,427,430,431,441,446,455,474,499,521,537,535,553,577,556,546,546,586,620,632,659,654,676,668,704,736,748,731,775,775,787,839,889,890,916,961,937,952
Iowa,Iowa,200,194,181,173,169,153,149,161,149,135,134,120,119,117,103,104,101,97,88,82,81,69,63,59,56,60,54,54,53,51,42,39,40,40,35,37,43,46,45,39,44,46,44,41,60,62,64,68,72,75,74,78,79,83,78,77,81,82,77,84,87,85,85,86,82,86,92,89,101,102,98,107,99,95,98,101,97,103,114,110,104,114,106,106,113,113,118,131,138,125,138,133,123,123,120,129,131,130,123,126,133,116,108,118,107,104,109,115,114,106,101,98,114,108,94,96,96,96,96,100,107,110,116,113,116,122,114,120,121,130,142,145,146,157,150,147,150,147,147,145,150,163,175,168,175,175,173,176,189,186,189,190,188,201,208,204,207,213,199,208,210,215,218,236,241,258,269,256,267,284,301,313,331,349,357,350,372,385,403,388,390,410,403,385,416,476,506,491,515,501
Kansas,Kansas,19,23,24,23,27,28,28,29,27,27,29,28,30,30,29,24,21,24,22,23,24,22,23,21,19,22,23,24,27,27,30,29,28,27,27,27,29,28,31,28,27,28,25,26,27,25,24,25,25,27,27,32,29,37,34,34,37,41,45,52,52,50,52,55,52,51,56,50,51,49,52,53,48,46,46,48,45,40,43,43,41,46,46,46,42,37,45,41,41,43,43,44,45,46,52,55,55,55,56,55,57,59,71,77,79,91,101,125,115,115,115,115,116,129,122,118,119,109,107,102,94,92,92,102,102,102,105,92,102,126,136,138,139,143,148,160,160,161,161,161,166,189,229,205,204,202,201,189,184,169,170,170,170,170,174,162,135,135,191,191,191,205,198,208,207,227,227,227,220,209,239,239,244,244,244,275,275,288,288,273,273,273,294,294,353,353,376,376,376,400
Kentucky,Kentucky,93,76,74,72,75,79,79,81,83,84,84,79,68,68,66,63,68,62,56,54,56,54,60,54,53,56,55,59,55,60,54,61,63,61,59,67,65,70,66,67,68,67,69,70,73,69,73,82,85,78,72,69,72,71,74,75,80,84,79,81,77,73,72,73,77,75,76,73,76,73,66,64,66,65,69,70,68,74,79,90,96,100,100,99,109,112,112,114,114,111,119,115,118,124,120,123,121,124,112,102,111,125,126,136,131,132,126,116,117,114,115,115,116,122,111,102,105,97,97,97,96,92,98,96,97,98,102,99,99,97,93,95,95,93,99,102,105,103,107,109,112,124,140,146,154,155,155,155,159,166,165,176,173,171,166,161,151,154,148,157,158,166,162,162,161,171,173,172,172,194,198,208,218,222,222,216,219,231,213,224,227,235,244,246,231,272,277,279,285,290
Louisiana,Louisiana,238,254,262,254,244,257,245,253,255,245,246,229,218,223,217,207,192,179,172,179,169,173,177,184,177,194,186,185,181,179,176,193,194,174,183,179,185,187,191,190,213,217,224,224,223,230,231,231,255,278,291,331,331,335,312,347,363,367,422,440,440,440,464,450,441,426,460,492,492,500,501,501,473,477,481,481,500,502,503,513,491,480,480,483,477,484,495,472,474,474,424,424,430,395,384,348,348,347,341,321,289,287,298,298,304,302,294,292,292,307,307,275,272,270,267,262,242,242,230,228,212,215,206,203,203,209,209,204,197,186,191,191,190,189,189,184,188,182,182,173,180,180,180,190,185,185,182,185,193,195,201,192,192,176,168,179,191,196,196,196,199,194,186,168,189,202,202,206,205,205,209,204,217,217,224,236,265,292,253,270,270,275,281,299,317,325,315,315,324,323
Maine,Maine,18,21,22,22,23,21,21,21,21,19,16,15,11,11,12,7,7,7,4,4,3,3,2,3,3,3,4,4,4,4,3,3,3,5,7,7,8,7,8,8,8,10,9,9,9,9,10,10,8,8,8,8,7,7,7,5,5,7,7,8,8,6,6,7,5,6,6,6,6,6,6,5,5,4,3,4,4,3,4,3,4,5,5,6,6,5,6,6,6,5,5,5,5,6,5,5,4,3,3,3,2,2,2,3,4,4,5,5,5,4,5,5,6,6,6,6,6,5,4,4,4,3,3,3,3,3,2,2,2,2,3,3,3,3,2,2,3,4,4,4,4,4,4,4,3,3,3,3,3,3,2,1,1,1,2,2,4,4,4,5,6,7,10,12,13,16,16,18,17,18,20,21,23,23,24,24,33,32,31,28,28,26,29,48,48,49,51,53,51,50
Maryland,Maryland,529,516,518,509,495,497,472,474,478,452,447,434,417,407,395,385,355,348,328,312,317,298,281,264,254,242,231,229,228,208,209,196,193,184,177,172,174,167,159,161,153,151,150,144,136,135,136,132,134,136,136,130,121,119,123,121,122,124,137,141,134,138,138,141,128,131,142,143,144,145,144,146,134,132,138,130,124,118,120,125,118,109,108,106,103,103,105,102,96,110,113,114,111,105,109,115,111,108,110,100,99,102,101,90,86,84,88,89,83,80,80,80,79,88,86,85,89,89,97,99,97,94,88,81,81,79,78,72,71,70,73,70,64,65,66,73,79,82,79,79,80,83,85,91,88,96,97,96,96,93,99,105,111,115,114,112,114,112,116,110,116,122,125,134,134,136,146,150,154,173,179,190,204,214,222,227,248,269,286,296,309,323,332,338,364,392,392,405,412,417
Massachusetts,Massachusetts,1173,1147,1086,1053,1007,985,944,937,935,907,852,820,808,778,612,580,582,569,565,539,542,521,482,484,471,475,465,436,448,389,347,362,349,344,325,324,323,305,305,283,269,265,235,286,287,248,253,247,248,235,237,225,216,202,200,204,206,211,212,200,207,207,207,215,207,191,207,211,211,206,205,200,189,210,201,200,200,194,191,217,197,192,200,186,208,210,218,218,214,210,211,218,216,184,189,199,195,204,184,180,159,158,156,160,161,159,161,185,183,169,179,185,184,187,201,196,193,195,194,196,198,211,220,221,212,200,213,210,210,203,204,196,200,202,207,191,192,212,216,227,223,220,223,245,253,252,260,264,258,277,279,273,268,276,270,277,282,275,276,290,285,282,296,298,291,290,302,316,317,325,345,350,363,359,363,368,367,382,362,370,383,393,408,418,417,439,441,465,492,504
Michigan,Michigan,610,545,517,473,514,456,461,463,445,378,373,344,309,285,260,239,223,222,158,171,163,155,158,162,148,144,140,141,143,159,162,151,148,131,128,124,142,148,138,151,160,157,160,133,132,136,140,146,148,152,131,126,124,115,87,86,84,95,92,95,95,93,91,94,89,90,111,124,120,119,121,112,117,112,116,129,135,125,137,140,128,110,135,140,137,151,151,151,146,126,156,161,159,163,157,164,151,147,147,127,196,188,188,199,163,168,165,162,164,156,163,163,171,186,127,125,127,133,133,130,140,140,147,156,155,155,158,164,156,174,173,175,175,174,183,185,200,207,216,216,224,222,249,271,284,303,303,327,330,338,351,348,359,359,353,378,364,369,396,423,423,456,509,530,532,643,677,677,715,750,791,884,894,930,930,932,1000,1034,985,1049,1091,1091,1133,1248,1269,1318,1343,1446,1446,1482
Minnesota,Minnesota,320,325,311,308,308,320,319,318,320,325,303,299,278,279,275,262,260,250,234,223,215,208,197,165,161,141,138,131,135,132,125,119,110,99,96,95,89,91,87,87,85,80,72,72,76,71,70,75,73,74,74,69,73,73,74,74,74,72,71,68,67,68,73,71,72,78,76,75,78,84,85,87,95,97,99,59,98,102,107,114,114,118,118,115,116,118,116,124,120,158,113,108,104,98,98,100,96,96,95,89,81,81,90,95,106,108,108,103,105,103,112,108,109,117,116,104,97,98,89,93,93,104,108,110,111,116,115,109,117,120,128,128,134,130,132,144,150,153,144,154,156,159,180,194,193,197,208,209,217,207,220,226,241,242,246,254,250,255,278,298,308,323,331,370,377,404,419,432,435,446,482,529,561,578,587,592,607,624,585,640,650,676,679,675,685,705,698,722,746,743
Mississippi,Mississippi,212,213,212,214,208,195,192,202,195,198,175,171,166,157,156,148,156,144,135,127,121,141,142,143,148,141,146,148,164,158,144,154,165,169,173,136,169,177,188,193,195,210,191,199,208,216,229,239,244,244,231,235,232,248,248,244,248,268,273,303,331,347,348,353,364,381,389,385,396,403,414,404,426,400,380,387,381,384,374,359,365,366,363,344,336,371,384,388,370,347,357,378,366,363,346,344,332,344,337,270,250,257,257,258,256,233,241,230,244,234,240,226,225,261,247,218,224,226,222,215,223,213,199,207,202,203,203,181,181,200,186,185,182,180,158,171,173,161,160,158,158,175,172,157,158,159,154,162,168,162,158,168,163,177,177,182,174,174,181,178,188,180,197,195,204,191,206,195,197,197,204,214,223,224,233,233,249,248,249,250,239,263,262,255,250,260,274,292,285,285
Missouri,Missouri,101,96,91,84,82,83,82,81,82,89,76,87,75,75,76,70,83,117,123,125,125,126,126,133,135,128,127,125,125,124,119,94,84,77,76,71,79,71,73,75,77,78,89,95,86,77,78,86,85,87,81,90,116,111,109,117,116,118,120,134,140,140,140,141,142,138,113,129,127,125,120,114,115,101,100,102,107,136,135,137,140,121,124,119,112,124,127,132,135,150,150,132,137,144,144,162,217,232,234,220,221,225,220,200,198,191,194,187,196,203,157,141,151,177,236,238,271,326,322,319,310,304,292,336,352,360,350,342,300,317,406,370,371,367,358,475,386,331,404,406,412,416,412,397,300,384,396,392,431,340,431,463,456,446,443,450,449,452,444,354,345,349,452,445,460,432,350,349,359,391,389,403,417,412,413,415,462,473,484,464,457,463,459,560,589,621,658,702,706,709
Montana,Montana,1,1,1,1,2,2,2,2,1,1,1,1,1,2,2,2,3,3,2,2,2,3,3,3,3,4,4,3,3,3,2,2,3,3,3,2,2,2,4,6,7,7,10,12,12,13,14,14,14,16,17,19,18,18,17,17,15,17,20,20,23,24,24,25,24,23,22,24,29,29,28,26,26,26,21,21,21,18,20,19,24,19,15,15,16,20,18,17,19,22,22,22,21,25,22,25,26,27,27,22,24,25,31,29,31,34,35,32,32,32,40,40,42,44,43,42,39,38,38,36,37,39,38,40,30,30,30,29,28,32,36,38,37,38,40,45,49,49,53,54,51,60,82,81,76,85,87,91,88,100,107,129,136,135,145,147,129,129,137,151,159,154,157,147,135,113,139,144,136,144,157,154,148,155,147,157,168,180,186,180,155,151,159,155,152,161,160,134,133,128
Nebraska,Nebraska,47,47,32,49,40,40,40,41,42,38,49,51,45,45,50,61,64,52,57,57,57,61,67,66,48,51,52,52,49,43,42,43,40,40,40,34,26,25,24,20,18,18,19,12,15,17,17,17,17,30,28,29,32,30,31,31,29,35,33,29,31,31,31,15,22,29,24,29,29,29,31,30,32,32,29,29,29,34,37,31,33,31,31,33,35,32,30,31,31,31,31,35,30,28,31,28,28,26,21,24,35,39,45,45,42,38,37,40,38,38,38,38,48,54,41,32,31,32,36,37,42,39,51,51,55,59,51,46,45,52,46,50,49,50,49,52,42,54,50,47,51,58,69,73,77,76,77,81,93,98,102,99,105,106,102,95,93,87,110,108,107,107,110,103,119,129,127,125,141,156,157,180,196,202,206,224,204,219,226,209,210,210,221,264,302,305,289,289,296,302
Nevada,Nevada,59,59,54,47,50,50,58,48,52,47,53,55,45,46,48,50,42,45,43,49,49,47,46,45,36,37,38,37,39,40,38,50,49,44,47,48,56,59,76,81,92,93,89,105,107,101,109,116,113,111,128,151,138,143,140,141,146,147,162,175,193,186,185,199,186,186,191,198,217,223,224,222,216,229,215,237,240,230,240,244,272,265,248,240,237,249,254,241,242,233,230,228,211,202,191,190,191,192,193,163,162,158,152,147,150,151,169,158,143,149,140,142,138,153,144,135,134,133,133,129,111,106,97,85,92,92,92,83,80,85,84,77,76,79,81,91,95,98,87,87,89,98,96,87,81,84,87,85,82,75,71,70,70,71,72,80,82,88,107,107,103,103,103,111,111,116,131,128,133,137,133,129,137,161,166,171,188,194,213,202,211,227,227,220,255,297,290,290,298,296
New Hampshire,New Hampshire,73,84,75,74,74,75,77,76,72,78,76,77,80,75,75,70,65,58,59,56,53,53,57,46,49,50,49,47,47,45,43,44,39,40,42,43,41,39,30,25,24,24,24,21,21,20,19,17,17,16,16,16,18,17,18,18,18,17,17,20,20,20,19,19,18,16,14,12,10,10,10,10,9,7,8,7,6,6,6,9,9,9,10,10,10,10,9,9,9,9,9,9,8,5,4,4,3,4,4,4,4,3,2,3,4,4,6,6,6,6,6,5,5,5,5,4,4,4,3,3,1,1,3,4,4,5,5,8,8,10,12,16,17,17,17,19,22,23,24,23,25,22,23,22,21,18,17,19,19,20,19,17,17,17,15,15,15,16,17,16,16,14,14,14,13,16,16,16,17,19,20,20,19,19,23,23,24,22,19,19,24,27,26,26,33,38,45,51,52,54
New Jersey,New Jersey,1347,1250,1190,1182,1118,1076,1089,1114,1154,1081,1073,996,1026,997,1018,1052,984,924,875,840,786,785,745,720,581,573,472,460,427,384,384,378,402,404,409,389,388,388,576,565,577,550,568,547,556,558,520,510,495,486,456,375,282,286,251,262,244,243,164,144,135,131,130,131,120,135,119,84,93,87,74,65,87,84,84,80,76,70,68,84,83,92,74,72,68,63,29,28,27,23,25,29,25,38,39,37,42,43,45,43,94,93,93,94,94,89,93,90,86,83,79,78,78,80,74,77,74,76,75,73,74,68,83,70,71,69,69,71,70,70,67,68,68,68,65,69,57,71,69,75,76,80,93,102,109,110,111,117,124,133,135,137,146,143,143,144,146,140,143,144,144,148,155,152,163,183,198,212,223,247,264,286,296,321,332,332,358,410,430,420,417,412,413,465,490,520,543,560,560,564
New Mexico,New Mexico,92,91,92,89,85,84,79,80,79,81,85,76,80,79,78,80,77,73,77,74,73,69,72,70,65,69,60,57,53,50,48,47,47,47,44,46,43,47,48,50,52,53,55,54,57,59,54,56,58,63,69,64,63,62,64,69,71,75,75,73,77,82,83,77,70,76,73,74,74,71,71,67,63,62,61,60,60,63,65,62,65,64,62,60,59,59,60,67,64,58,56,61,64,61,57,55,57,58,58,55,58,52,51,52,53,44,43,42,45,47,47,46,44,47,44,43,47,49,47,50,45,45,46,46,43,43,43,40,39,40,37,37,41,42,43,44,40,41,39,42,41,48,54,54,58,58,56,61,62,70,72,79,89,92,101,103,109,129,128,139,151,154,164,167,182,191,190,189,200,219,231,220,237,246,265,270,284,293,293,306,319,325,332,325,339,371,381,388,366,356
New York,New York,1378,1258,1247,1303,1256,1109,1101,1038,1051,928,922,976,919,896,796,768,732,635,627,676,628,603,625,584,603,476,483,483,481,392,392,384,445,389,390,371,331,330,320,339,329,317,309,359,360,345,292,291,272,266,256,278,264,233,232,234,221,224,206,215,191,187,181,170,164,154,150,142,141,126,125,117,124,108,123,125,119,126,132,104,96,89,86,96,88,111,109,107,92,82,93,134,131,132,139,149,148,136,150,135,132,132,129,132,114,73,72,70,94,103,94,100,157,247,245,250,264,263,270,272,272,282,262,287,294,302,243,146,157,160,178,180,176,180,180,176,192,161,172,170,173,173,168,185,164,168,173,168,176,175,170,191,183,193,188,191,204,243,247,250,261,273,273,286,281,269,280,280,291,383,394,358,380,412,416,416,423,427,468,484,504,529,551,506,531,560,578,604,639,695
North Carolina,North Carolina,255,268,273,272,240,250,248,251,267,246,230,202,198,195,192,208,182,182,187,187,213,237,228,235,230,227,226,220,217,211,217,221,217,207,178,154,150,137,141,149,160,170,172,191,191,198,204,226,229,245,259,270,279,292,298,295,309,289,299,315,319,331,331,366,356,353,370,371,373,375,361,378,392,365,371,364,364,305,335,346,339,334,337,339,336,332,326,343,339,340,345,354,345,348,338,345,368,359,362,339,352,360,371,364,360,358,370,370,377,368,346,353,350,377,358,366,386,393,389,385,383,383,399,401,394,391,390,384,377,366,338,325,329,328,322,324,295,302,300,300,302,322,339,360,367,379,387,397,395,389,409,422,449,449,451,465,475,466,468,461,450,445,449,453,423,388,378,423,424,395,391,388,397,400,427,424,414,440,432,490,463,434,447,432,468,474,488,511,509,521
North Dakota,North Dakota,17,20,17,15,19,20,19,18,18,17,17,15,14,13,13,9,8,9,5,4,5,5,6,5,4,4,4,5,5,5,6,5,4,4,3,3,6,7,7,7,9,8,8,9,8,9,10,10,12,13,10,11,12,14,12,12,12,12,14,14,13,13,13,12,13,12,12,11,13,13,14,18,18,17,18,18,20,21,21,22,21,22,23,24,24,20,18,19,18,20,17,17,17,18,20,18,20,20,19,18,19,21,25,26,26,27,27,29,32,34,37,36,37,40,46,51,55,60,63,64,67,69,74,80,79,82,84,84,101,99,102,109,106,111,118,119,114,124,128,130,131,132,118,121,119,112,119,116,119,123,129,124,125,127,132,143,145,165,173,180,183,183,198,198,198,195,202,205,203,220,224,205,211,212,207,208,215,207,206,201,195,190,190,185,181,182,171,173,173,176
Ohio,Ohio,550,539,519,503,485,416,410,419,421,415,394,379,407,404,368,340,311,293,310,325,321,298,312,296,280,278,248,248,243,264,265,270,236,210,211,223,235,236,234,244,232,251,246,206,199,200,209,225,263,262,249,244,250,265,261,249,280,313,347,339,377,383,355,350,351,361,362,355,371,362,329,326,312,313,295,309,297,293,296,311,311,303,307,309,313,288,310,321,321,302,303,307,300,269,297,293,281,281,290,302,280,278,298,285,286,280,340,379,354,360,356,356,347,337,363,361,331,329,326,327,277,249,237,297,313,310,308,312,283,268,260,257,258,259,234,229,221,149,142,142,144,136,179,178,190,209,207,212,222,223,237,237,234,236,265,290,279,300,310,300,311,307,308,367,383,409,413,419,402,399,399,429,461,478,479,496,553,651,616,646,664,677,687,776,844,863,927,962,963,1002
Oklahoma,Oklahoma,46,46,42,40,38,36,37,35,36,34,33,31,25,25,25,24,23,22,22,21,21,21,17,16,17,17,25,26,26,24,25,29,31,30,29,30,33,35,35,39,37,37,39,41,43,43,47,53,53,53,57,67,67,68,75,74,72,81,91,98,96,98,99,99,105,109,116,116,107,107,109,109,104,102,103,108,111,114,113,116,116,115,122,123,125,126,136,140,142,140,138,135,129,122,126,131,125,127,123,110,100,98,102,102,106,105,104,103,95,93,93,93,95,108,107,105,105,105,101,102,106,107,105,105,108,105,107,104,105,104,98,91,92,97,101,101,108,110,111,120,118,125,135,136,143,150,151,147,154,154,163,172,175,174,181,184,182,192,195,184,189,193,178,184,175,167,179,183,184,169,178,175,174,195,196,205,213,210,199,211,201,208,205,214,242,248,257,250,262,262
Oregon,Oregon,16,17,15,14,14,14,15,16,21,21,20,22,20,23,26,25,24,28,27,28,27,28,23,26,26,29,29,26,24,25,25,22,21,24,25,23,28,29,33,30,30,32,33,37,39,40,45,44,45,47,49,47,43,50,53,55,52,59,64,67,68,68,66,66,64,67,66,66,70,67,68,65,64,67,63,61,62,60,64,70,73,66,62,61,63,60,58,55,62,68,70,71,67,60,58,61,63,64,62,58,61,59,52,51,51,50,55,53,51,46,45,45,47,46,44,42,43,37,34,38,36,38,39,42,46,46,43,49,45,55,55,57,56,52,50,49,51,54,48,48,55,52,52,41,52,54,54,56,59,63,62,58,70,71,65,68,70,75,67,76,77,79,73,71,73,78,70,70,73,77,83,98,96,90,90,92,110,125,121,132,137,144,147,158,165,165,191,208,213,219
Pennsylvania,Pennsylvania,1052,1039,972,963,888,819,807,807,851,797,740,698,674,660,676,609,577,529,501,488,480,473,450,456,444,417,392,391,371,373,365,351,347,330,330,328,323,294,291,301,294,298,297,282,273,272,258,266,269,271,264,265,245,236,227,223,220,223,214,210,203,204,201,199,197,177,189,180,186,184,183,189,209,201,227,232,230,229,226,254,238,241,245,246,243,239,233,227,208,205,205,206,204,197,204,198,195,193,214,198,181,185,187,173,171,196,182,177,169,186,190,210,214,222,244,247,236,254,257,233,241,248,251,241,240,235,222,221,209,214,227,241,244,259,260,261,269,272,262,270,268,293,299,306,316,312,317,312,322,316,330,340,358,338,337,326,332,349,356,365,358,349,396,429,439,436,452,487,498,504,585,646,712,774,811,838,845,934,990,985,982,1007,1025,1158,1213,1302,1376,1416,1439,1473
Rhode Island,Rhode Island,277,277,277,269,246,253,253,253,238,217,195,179,172,58,58,58,58,60,69,36,36,36,36,40,48,55,44,44,63,97,97,95,86,72,72,72,72,68,60,53,60,60,41,7,7,8,10,11,11,15,16,17,21,22,15,15,17,18,20,19,30,29,29,25,24,23,19,18,23,23,21,20,18,18,5,7,7,7,7,7,8,10,13,13,13,14,16,19,21,19,19,40,40,40,39,37,31,31,31,30,28,25,25,25,25,8,11,14,18,21,19,19,28,30,34,37,36,36,36,35,35,33,32,30,30,30,24,26,23,21,23,23,23,20,26,33,32,34,34,34,38,39,43,46,47,47,47,54,49,45,46,49,49,49,51,48,45,49,47,47,47,49,49,51,55,53,53,53,60,66,70,66,70,70,70,76,88,92,85,92,92,92,103,102,107,112,119,119,119,139
South Carolina,South Carolina,109,102,111,109,120,120,111,117,122,109,118,110,112,106,102,106,99,96,100,99,107,102,105,108,105,101,112,116,118,132,149,163,154,169,167,168,173,201,212,235,240,245,252,254,232,286,303,322,335,337,375,401,429,456,514,530,534,572,617,597,616,616,622,629,626,609,608,577,542,540,542,533,529,517,492,509,492,495,496,466,459,497,486,473,463,431,429,444,451,438,440,432,414,434,406,387,384,383,396,383,369,347,373,342,355,357,341,338,351,331,311,312,305,331,320,304,269,283,262,260,261,246,242,232,254,254,244,228,240,235,233,228,226,222,217,215,207,206,195,197,205,225,206,241,247,242,250,264,266,283,282,281,298,286,285,272,277,237,228,222,234,218,220,200,195,205,175,176,197,188,197,209,226,259,247,247,251,241,233,245,236,241,238,248,262,265,265,243,283,291
South Dakota,South Dakota,18,16,16,16,14,15,15,15,18,15,19,15,13,13,13,15,16,14,17,16,16,16,15,15,14,14,16,16,16,14,15,19,16,16,16,16,15,14,14,19,18,18,18,18,18,18,19,19,21,21,20,21,20,15,13,14,14,14,18,14,14,18,17,17,18,18,20,22,24,23,23,23,18,19,20,18,18,18,18,18,16,15,14,15,15,15,15,14,15,15,14,14,13,14,12,11,13,12,12,12,11,15,12,16,17,17,17,23,24,25,27,29,29,29,29,33,39,35,34,34,39,31,43,42,48,46,46,46,56,62,61,68,68,70,65,68,68,70,67,75,75,82,75,75,79,80,89,87,87,93,99,108,110,114,115,116,127,135,154,157,161,162,165,183,164,153,196,207,206,198,214,223,231,254,283,282,281,282,282,320,321,299,302,304,321,328,323,314,291,291
Tennessee,Tennessee,63,76,83,88,93,88,82,83,92,84,85,105,108,110,118,112,110,107,107,107,108,110,107,119,126,111,112,110,110,111,111,112,118,113,119,121,123,129,143,146,154,157,157,163,174,176,182,201,198,195,206,203,215,215,226,226,229,232,237,237,245,229,230,245,246,256,261,268,251,256,255,272,269,280,266,278,293,295,307,308,302,343,348,344,355,357,359,360,375,380,381,367,357,345,327,288,299,298,281,268,283,315,324,339,331,343,346,354,349,359,354,353,364,365,346,324,327,310,299,292,293,303,337,319,344,359,364,360,365,393,380,384,390,385,377,374,363,356,343,332,325,331,328,306,344,342,364,389,410,413,399,470,450,444,457,502,508,498,465,490,464,447,465,520,525,511,524,540,544,541,570,619,661,621,671,691,700,705,731,674,664,661,679,643,640,653,674,694,677,708
Texas,Texas,380,378,363,369,393,405,354,359,361,357,353,378,357,360,368,379,389,399,391,397,401,404,422,425,446,458,480,482,491,494,518,539,582,601,636,684,778,865,963,1002,1038,1114,1178,1238,1337,1440,1542,1631,1686,1741,1731,1860,1903,1971,2066,2063,2651,2809,2958,2916,2857,2993,2897,2915,3028,3132,3196,3323,3350,3353,2743,2469,2461,2576,2772,2691,2812,2722,2723,2616,2598,2560,2520,2539,2517,2713,2613,2598,2455,2338,2287,2334,2239,2172,2124,2013,2000,1961,1956,1858,1788,1570,1696,1729,1727,1676,1680,1640,1534,1528,1477,1439,1438,1444,1449,1579,1385,1380,1345,1361,1312,1276,1307,1280,1249,1233,1300,1293,1283,1249,1251,1223,1212,1179,1167,1166,1143,1140,1137,1136,1045,1024,988,889,902,973,984,977,977,968,989,1004,1018,1031,1046,1072,1116,1244,1269,1225,1224,1241,1270,1302,1487,1396,1448,1494,1500,1516,1570,1664,1710,1762,1833,1832,1916,1993,1879,1915,1877,1848,1864,1967,1997,2008,2074,2152,2124,2137
Utah,Utah,33,25,27,25,27,24,24,26,26,23,25,32,27,26,30,32,32,35,35,34,37,34,36,35,33,27,28,28,25,27,24,24,26,26,26,32,31,38,41,41,45,48,48,54,60,58,54,62,59,57,57,59,62,66,62,59,65,60,59,66,69,67,68,67,70,67,63,62,61,62,64,63,59,53,56,53,52,50,48,50,51,48,50,49,45,48,50,50,47,44,44,43,40,33,33,36,35,37,33,27,26,27,24,26,26,29,27,27,23,18,20,18,18,19,17,14,17,15,20,17,21,22,22,37,36,38,41,45,52,57,57,62,64,69,65,68,70,63,64,65,64,63,61,62,62,58,55,52,56,61,69,64,64,71,68,69,68,69,82,90,87,87,94,90,89,100,106,104,109,112,115,124,124,129,134,136,136,156,147,148,153,150,148,158,166,161,152,152,146,152
Vermont,Vermont,1,1,1,1,1,1,1,1,1,1,0,0,0,0,0,0,0,1,1,1,1,1,1,1,1,1,1,1,1,1,1,0,0,0,0,0,0,0,0,0,0,0,0,0,0,0,0,0,0,0,0,0,0,0,0,0,0,0,0,1,1,1,1,1,1,1,2,2,2,2,2,2,2,1,1,1,1,1,1,1,0,0,0,0,0,0,0,0,0,0,0,0,0,0,0,0,0,0,0,0,0,0,0,0,0,0,0,0,0,0,0,0,0,0,0,0,0,0,0,0,0,0,0,0,0,0,0,0,0,0,0,0,0,0,0,0,0,0,0,0,0,0,0,0,0,0,0,0,0,0,0,0,0,0,0,0,0,0,0,1,1,1,1,1,1,1,1,1,1,1,2,3,4,4,4,4,5,5,5,8,8,8,10,13,14,14,15,16,16,18
Virginia,Virginia,377,365,353,345,318,302,301,269,260,233,182,176,171,171,160,163,155,141,148,146,139,143,149,147,155,166,183,186,188,193,203,230,243,242,242,233,236,244,262,258,238,234,228,214,206,191,168,176,174,178,167,146,117,109,113,112,114,118,133,134,161,190,191,187,196,223,245,250,247,248,245,249,227,222,196,166,163,167,152,136,128,119,121,141,144,150,163,164,180,187,188,195,216,231,225,226,234,211,213,192,182,181,161,154,155,163,227,243,268,287,313,337,337,374,392,405,425,422,435,429,348,324,308,301,280,258,255,231,214,215,208,210,199,189,185,173,160,158,152,160,181,194,212,196,195,224,221,220,228,235,248,235,232,222,201,181,162,164,143,126,128,132,126,125,122,142,145,145,148,169,183,208,230,234,231,229,253,267,271,259,255,258,256,258,253,251,248,259,262,266
Washington,Washington,121,98,98,94,99,103,96,91,98,81,88,93,95,99,97,102,91,107,106,112,113,115,108,117,106,100,97,93,100,101,113,97,97,89,89,93,100,101,109,120,114,128,79,72,82,85,82,90,88,84,81,74,73,71,70,63,119,144,134,137,130,148,149,147,154,156,171,177,194,187,179,168,169,172,191,174,185,185,189,198,184,178,169,175,170,160,156,154,150,139,124,130,123,113,108,103,96,90,86,77,98,95,86,86,86,91,84,85,86,84,84,84,96,117,103,95,109,109,109,94,109,106,101,106,105,105,109,95,96,103,90,90,90,90,87,95,100,96,97,97,100,117,109,106,106,106,106,131,126,132,127,127,127,127,120,118,130,142,143,143,143,139,145,129,148,153,153,153,170,171,176,172,180,180,180,195,208,222,197,184,184,184,226,234,258,297,306,306,306,286
West Virginia,West Virginia,8,10,9,9,12,12,12,12,12,11,12,14,13,13,12,10,10,9,4,4,5,5,8,7,6,4,5,5,5,5,5,5,5,6,5,6,3,3,3,3,3,3,4,4,5,6,7,6,6,5,6,6,7,8,7,7,7,11,13,13,16,16,17,17,23,23,22,24,28,36,37,39,42,41,41,44,43,43,38,42,43,44,46,40,38,40,37,45,44,55,54,55,62,67,73,74,69,70,69,65,65,60,63,51,53,63,59,60,57,55,65,65,67,68,67,70,71,71,72,64,67,62,62,61,52,50,52,50,53,48,47,50,46,46,40,38,36,37,38,38,35,41,39,44,42,37,40,38,44,45,50,55,58,58,59,60,60,62,65,79,79,104,112,115,110,112,115,122,124,127,138,141,150,155,158,137,136,142,157,147,144,147,150,160,166,166,160,171,176,174
Wisconsin,Wisconsin,153,150,144,140,144,134,131,121,110,111,100,95,89,90,92,93,96,94,82,82,85,85,83,77,76,71,73,73,67,61,56,55,56,55,49,48,47,45,44,45,40,36,41,43,46,47,50,52,57,64,68,74,79,82,86,92,90,97,95,103,103,102,102,104,107,105,104,103,110,108,108,108,112,105,109,113,111,103,98,95,95,96,88,86,88,86,87,85,82,84,83,83,87,90,89,91,87,89,91,90,85,83,85,83,86,86,84,79,79,74,78,83,78,76,84,94,94,96,102,107,112,121,128,143,147,146,154,163,175,181,196,211,226,237,252,264,280,297,318,346,373,393,407,431,453,471,485,499,519,546,560,568,578,564,566,570,556,540,531,509,489,480,452,409,366,384,400,388,360,426,459,519,563,595,580,563,659,722,794,751,725,736,730,744,778,763,751,791,802,815
Wyoming,Wyoming,7,7,6,5,5,5,5,5,4,4,3,3,2,2,1,1,1,1,3,3,3,3,3,2,2,2,2,2,2,2,2,2,0,0,0,0,1,1,1,1,1,1,1,2,2,4,4,4,5,4,4,4,4,4,4,4,4,4,4,2,2,2,1,3,2,2,2,3,3,3,3,3,3,4,4,4,4,3,3,7,7,9,9,9,9,8,8,7,7,7,7,7,7,7,7,5,5,5,5,5,5,5,5,5,5,5,5,9,8,7,7,7,7,7,8,8,8,8,8,8,8,0,4,4,4,4,4,4,3,4,4,4,4,4,7,7,4,4,4,4,4,8,8,14,14,14,14,23,20,20,30,30,30,30,40,32,44,37,37,46,46,37,50,50,40,40,57,57,47,62,50,71,71,62,62,88,75,88,88,88,71,71,71,84,84,90,90,90,90,87